,id,title,subCount
0,UCqlYzSgsh5jdtWYfVIBoTDw,Fox News Insider,106861
1,UCzWQYUVCpZqtN93H8RR44Qw,Seeker,3636171
2,UCVgvnGSFU41kIhEc09aztEg,Arzamas,455492
3,UC9rf6ZKg_pK-XWAdChls8Gw,Beyond Science 2,159667
4,UCDdhZjRCVn6b4pC0pc6PQhw,tuffyjon,0
5,UCmmPgObSUPw1HL2lq6H4ffA,Geography Now,1212245
6,UCR1IuLEqb6UEA_zQ81kwXfg,Real Engineering,1408249
7,UCV_LECOHRTG63ukKIbt5vQw,Act Now 2017,73467
8,UCdPl3XAODWuYBvNdhAvvcFg,koturaljko roler,276
9,UCyAN55vvo8odHHg7QY1pf5w,HLN,365421
10,UCmmAvCeGw9XIMx1lgGH5Tjg,David Groth,23262
11,UC8p1vwvWtl6T73JiExfWs1g,CBS News,1010189
12,UCBe2XSKXLVOUn6U3RdYJuxA,Paramount Pictures Australia,66280
13,UC53q8uiubdZOltyF0vONToQ,The Joint Forces Channel,0
14,UCWQ9ZFFhEqUZ0r1IspnBm6Q,The Daily Conversation,646260
15,UCMKI_jloh5KxeDhDW3gYuCw,thelandofisrael,37667
16,UCtTsEp3Fgtrf4Q3gWBVvSsw,JOE PESCi,3544
17,UCmOCpBKeoBPp-HwarhIBA2g,Best Documentary,194833
18,UCcLdlSZg8YR3RzUiAcKduwg,World Military Power,50243
19,UCqnbDFdCpuN8CMEg0VuEBqA,The New York Times,1527029
20,UCKw8kdkYfmuNSVehGoDw8Mg,TYT Interviews,121995
21,UCvHDpsWKADrDia0c99X37vg,i24NEWS,0
22,UCvPBwFtlth679NMXM2jsxlg,NeoScribe,57726
23,UCBR9lV3mehqj2LmpZcGeefA,Lovelyti's News Network,248875
24,UCM26RiK628kUBmIsMLaT4FA,BadGovinArk,1397
25,UCczrL-2b-gYK3l4yDld4XlQ,RT America,623650
26,UCzwvRsqiMdBdf1jjePraHxg,They will Kill You,1228289
27,UCP5tjEmvPItGyLhmjdwP7Ww,RealLifeLore,2536725
28,UCXZpQgX1897wYDLtvzmgyIA,Facts Verse,5597396
29,UC0jZ4LEA9d56SFONhGh6_xg,The Celebrity Expert,112632
30,UCCBU8fAvGVev-pWS5MnKuaA,Science Day,53605
31,UC1Gz1YkPBoLzQSBKbswBHAw,WJHL,6852
32,UCUgYV-SE-YayUYU4rJ3rcUg,Grant Crowell,4742
33,UCt30-N1fyW4evMPMocGlPDg,JAI HIND JAI BHARAT,207414
34,UCdHkLMxTYwV66Sky1xXVrxQ,BBC America,802144
35,UCn8TJ6Tyq2aGvhybME_itDQ,oversightandreform,22649
36,UCLzELCDHdDfPaJSZ-BJTawA,Well... Actually,38783
37,UC8-Th83bH_thdKZDJCrn88g,The Tonight Show Starring Jimmy Fallon,18591483
38,UCZYYlMLDG1fhxf5WjupxQAw,Nash Docs,1001
39,UC2-T6B6ql-KRQaFfZrboQrQ,CasonVids,0
40,UCkQO3QsgTpNTsOw6ujimT5Q,BE AMAZED,4441909
41,UCZyACOXbNnPs2RXA_Iv9pxA,International Committee of the Red Cross (ICRC),46413
42,UCu0Uc1oNDF36jRY_sskl8bA,BBC Click,122216
43,UCtg5C-d_3rPUgMaxr285mQQ,Top Trending,4261908
44,UCDgUAAHgsV2fFZQm2fIWBnA,Prince Ea,2640521
45,UC10Tc1mzoPTibXDyVXFf9fw,Epic Wildlife,1320496
46,UCW2QcKZiU8aUGg4yxCIditg,euronews (en franÃ§ais),415393
47,UCBi2mrWuNuyYy4gbM6fU18Q,ABC News,4660063
48,UCpelPgePHrkrFYGgtFD8xsQ,India In Details,208453
49,UCVlBQ61X6CTnx7SmXV24iNw,hiskindnessleads leads,3768
50,UC_aTqlYLNrS9yELleMbF04g,Movie Community College,111007
51,UChDKyKQ59fYz3JO2fl0Z6sg,TODAY,988370
52,UCaYvVQcC-Zk8EFtuTVnp_xg,Maharishi University of Management,23185
53,UCQfwfsi5VrQ8yKZ-UWmAEFg,FRANCE 24 English,634973
54,UCu8ucb1LRJd1gwwXutYDgTg,Erik Conover,558760
55,UC_E4px0RST-qFwXLJWBav8Q,Business Casual,378255
56,UCHbq_l1qnuomfJCYQTsWf_Q,Motivation Madness,701633
57,UCHkapYFq5ev4PDAxZQ_PF9Q,Skavlan,70512
58,UCHd62-u_v4DvJ8TCFtpi4GA,Washington Post,468788
59,UCJMBt2Isw2vNCb5vnDJ8aAQ,Stefan Thyron,42127
60,UCdHp34ke51AhDCuGETD4qbA,Rodney Dangerfield,73857
61,UCMhDk2qIKoE7bVht4GeQ8Lg,Little Grey Box,13482
62,UC2Cl2g2xFTZoAEldxYVzQFg,Geo History,35133
63,UC2-_WWPT_124iN6jiym4fOw,Asian Boss,942224
64,UCESdZ9Ds1TUtvSt5BDRgFpg,XYZ Hunter,67086
65,UCKZGcrxRAhdUi58Mdr565mw,TheAdviseShowTV,893742
66,UCM2YmsRUeIbRkqjgNm0eTGQ,Journeyman Pictures,1020263
67,UC7DEtvTOO6_xf0KJiGy4wBQ,Sutherland,22765
68,UCJkMlOu7faDgqh4PfzbpLdg,Nerdwriter1,2343582
69,UCXAPsqtjLDwhaOpqvRHtcUg,Foreigners Reaction,0
70,UC7qUL2EsTHpNcgsz7woW9Iw,LaRouchePAC Videos,33023
71,UCBuwN779lhnYMwdLCHUMbfw,Haris MustagrudiÄ‡,3405
72,UCw3SYO_euO0TSPC_m_0Pzgw,Los Angeles Times,140980
73,UCeH6qE4V7n5tVwP7NkdrtJg,The View,552516
74,UCt3mOg88T0My5vZpbE0TG_g,2 Minute Facts,258208
75,UCLorCiYziMQ-j08Z5o6U-0g,OEC G&V,17185
76,UC2iUwfYi_1FCGGqhOUNx-iA,Screen Rant,5301061
77,UCpOlCpYDCelxVJWtbZsYOmQ,Top Lists,705399
78,UCVEzR8VHu0JC5xlTr53cMwQ,DKDKTV,329466
79,UC4rlAVgAK0SGk-yTfe48Qpw,BRIGHT SIDE,18474759
80,UCYenDLnIHsoqQ6smwKXQ7Hg,#Mind Warehouse,4851460
81,UCuK-Lha4ETmazsScM-cXT7g,CraigAtBurntBacon,635
82,UCyVR2BXeEUvOpjAb4EUEgKg,Conservative Network,0
83,UCvdmqjI7CcewJ2vAaffO1LQ,Third World Dose,36
84,UCwmg_dOxuHKwz4KKNUhbAYA,qianguanchang,504
85,UCnM7w4loVs67Whpde4LqfQQ,McAndrew Rants,1812
86,UCCXoCcu9Rp7NPbTzIvogpZg,Fox Business,385965
87,UCK7tptUDHh-RYDsdxO1-5QQ,Wall Street Journal,1080770
88,UCu4XcDBdnZkV6-5z2f16M0g,Real Stories,1918551
89,UC-H66WoRQeEKWoXXjRHiSgg,Chronicle Speaks,75383
90,UCmLQqA5g62GIfQa9oME05wQ,Origins Explained,1908569
91,UCxXXxJK8yz68XnAN0WMw5Ew,Compare World,28561
92,UC2vcjazcVurVmpn5svBRA-Q,FTD Facts,608677
93,UC1ettU5YSf_nIOJWffCKGQw,LuiSpot,22313
94,UCBuw3F9B-zT9clk1hIizKNg,Orange County Register,10910
95,UCTuqbIOgNF8ELJoKCINKjaw,Archimedes Channel,192487
96,UC78uvFkBs_E9EbPP1LUvQfw,Laal Topee,0
97,UCj8lkal7Gx1G6Mn6tcaRZDA,A Common Nepali,2943
98,UCskcws9RtJPRM02UVe43BQA,Gravitahn,44133
99,UC9Eid1BsSI7h18SKfAzv43Q,Eva-Lotta Ryd,3517
100,UCbyE5OvaP4GJhKvPCXxjWvw,Fire Of Learning,23959
101,UCVgO39Bk5sMo66-6o6Spn6Q,ABC News (Australia),367285
102,UC9fxgJZ8TrkV7K1OE7M76RQ,World Top 10,0
103,UCDkDKxDButZ3ltEDLjbe-_g,New Jersey 101.5,12859
104,UCUSySH2YjIwsDu2Hx6DWwTA,dollemore,81311
105,UCLOwKVD0bYHxaDZxXkK4piw,Kento Bento,419987
106,UCp0hYYBW6IMayGgR-WeoCvQ,TheEllenShow,28690678
107,UCrvhNP_lWuPIP6QZzJmM-bw,New York Post,172152
108,UCwmZiChSryoWQCZMIQezgTg,BBC Earth,3232061
109,UC7-G1KiA9UL9EhWM-41L83Q,Astrobum,81353
110,UCSJx2iNjVaCCPaB8SPU_XXw,Epic Economist,114503
111,UCL91vwQ69NI7NuKpmWtuDDw,Tres Aleatoire,273
112,UC4QZ_LsYcvcq7qOsOhpAX4A,ColdFusion,1649568
113,UCUH4sZr8oYnb5CWtQoA9r0g,TheCoolFactShow,37348
114,UC1NaxAHgXHhkjqHn9zXSeMw,Sir Alex,380497
115,UCZQKCZ6Zie4wP2t0fAT5_pA,Unlimited TV,227326
116,UCW39zufHfsuGgpLviKh297Q,DW Documentary,480817
117,UCV_wrMuNPlsIbWP4PwwIXFg,THE EUROPEAN,54470
118,UCALaRhEehgTHM20S0NaF_BA,Stranger Phenomenon,7905
119,UCw3fku0sH3qA3c3pZeJwdAw,Daily Mail,207902
120,UCKBnlTTgEnhIXv_c4LvvyMQ,OWN,2564562
121,UCPj87XcaECEry5tJ8LONJzg,"Comprehensive Research, Inc.",3717
122,UCo7a6riBFJ3tkeHjvkXPn1g,CNBC International,247216
123,UCcyq283he07B7_KUX07mmtA,Business Insider,1046577
124,UCuFFtHWoLl5fauMMD5Ww2jA,CBC News,934624
125,UCLwtCenHMpUcgoN1Q4qk_mA,Nate Hamilton-Smith,12
126,UCxoADTw18wjYQKGHiV2ea-Q,Latest World News Updates,0
127,UCS2cHqCWnhJeaS1swwnxVLg,Subin Pailk,104157
128,UC1DGpYiEiqBrQtYXFbLhMVQ,Nicki Swift,1621332
129,UChM5Ff2yVeIZ16EWiB081cg,Reaction Time,10238787
130,UCEs-zSwH2NYGskxF-ptoT1w,Steve TV Show,2617708
131,UC1pUFgoqKqy_sfzF0_rtQzQ,Factnomenal,350544
132,UCQUNSyLcVED0hV57sJ1VFhw,World Affairs,17525
133,UCinoByCtoqShiElFGAsGcWA,SabbyBG Your Indian Abroad,88101
134,UCJuq64HSc8KWJ3grvDrU3VA,FilmArtsy,204280
135,UCw4ccFtBN7dhQBcHmE0qylg,Slapped Ham,671645
136,UCn6c_GdlKp1l7M1kWwpP5ww,Cal McKinley,36752
137,UCXhAHm2n8LSAtyf6ATnoC2g,CBN - The Christian Broadcasting Network,102041
138,UCIczOFxwgv27AlTkZZMj8yw,Unexplained Mysteries,465962
139,UCVTyTA7-g9nopHeHbeuvpRA,Late Night with Seth Meyers,2428799
140,UCv8RioFo_DL4QNl-pLD7Xdw,EddieLomaxx,95
141,UCK7SStG3pqDklcSGBIgB3lw,TheLifeOfJord,92718
142,UCTTQAOiR_0DuyQPZ6Dg-LHA,Talltanic,2153876
143,UC_5qxE-6ITKqNYK6Z7EZYtQ,geobeats,286031
144,UC5rBpVgv83gYPZ593XwQUsA,THE DRIVE,1875468
145,UCz2iogh6nREFWmKHswDKIUA,carltfross,5085
146,UCtNdZrjjurSTFv-JgvQjssw,Eskify,339947
147,UCkepkl5DQLQ36jup7QE8qqA,farzana akter,708
148,UC9Rgo0CrNyd7OWliLekqqGA,ATN News,0
149,UCpwvZwUam-URkxB7g4USKpg,RT,3124312
150,UCJ0uqCI0Vqr2Rrt1HseGirg,The Late Late Show with James Corden,16423141
151,UC5w5rFxcZ4UL_IJSOFWo9OQ,Paternity Court,445074
152,UCtVkW6Uytu_9rOgTq5Adcjw,Ready4Adventure,7998
153,UCVxBA3Cbu3pm8w8gEIoMEog,ABC7,21321
154,UCrTC_yCX2uE3EhMKqpoQn4g,NHLPA,15315
155,UCrM7B7SL_g1edFOnmj-SDKg,Bloomberg Technology,111899
156,UCpWvshQVx1d7BqCsPnVuNIw,The Star Online,361478
157,UC_8tJst6X5fx6dUXuuXdl9w,San Joaquin Valley Transparency,50764
158,UCt-WqkTyKK1_70U4bb4k4lQ,TomoNews US,2375257
159,UCDoiiV4ZS8wKU4S8bfp_nPA,GLOBAL News,167049
160,UC4xWNcA8B3spOc4nYXrqCAA,Al Jazeera America,99180
161,UCCkj5iLhq2r7Qi2GmTzzrsw,TYSONGREER SHADY,8357
162,UC_kj5J9ET4JC97c8AwIZGTw,Amplex,316880
163,UCYJyrEdlwxUu7UwtFS6jA_Q,Unveiled,276177
164,UCYWIEbibRcZav6xMLo9qWWw,The Ring of Fire,251923
165,UCbFcX6FCbiBGOO8B3plVawg,CommieSkullSmasher,4008
166,UCB_AVzcHzM_WjPYqO4m4SIg,I AM INDIA,5282
167,UCJnpF9oROFPvd7wWbPUDdGA,KRQE,100649
168,UCja26BEv6YUHC2QLShBdt8w,Huff Paranormal,678099
169,UC64UiPJwM_e9AqAd7RiD7JA,Today I Found Out,1587367
170,UCDMn7Mx8qQpPXb71gJoxpHg,CollegeFree,40697
171,UCNUssQIAyjJvYN-q_NJJ04g,Kidding,17800
172,UC5RwNJQSINkzIazWaM-lM3Q,HOT 97,2202086
173,UCJzEhvSoGCv1VL_kEppfNDA,That DIY Couple,3225
174,UCI_GjmFeWTRmdNCAZNaTmqw,THEMAJESTIRIUM1,47249
175,UCc3e9XOO_neg3mnb9yDTklg,Visual Capitalist,62693
176,UCl0SkSL2x9VJR2_oFr7Myng,Thad Forester,1453
177,UCBqWtrtVaxJK2KDsdtmTnsQ,spamsafe,679806
178,UCsEukrAd64fqA7FjwkmZ_Dw,GQ,2728667
179,UCfQDD-pbllOCXHYwiXxjJxA,Broadly,442569
180,UCf0aMG-_d_ol_7BEllE3kRw,American Statesman,2182
181,UCg0PTxg7AWH88itnI7Jgkxg,News bangla,517797
182,UCP1iRaFlS5EYjJBryFV9JPw,Looper,3618927
183,UCsooa4yRKGN_zEE8iknghZA,TED-Ed,7732350
184,UCef1-8eOpJgud7szVPlZQAQ,CNN-News18,492795
185,UCX1F87uBN-I8NaraOmiaeOQ,RepublicOfWadiya,46037
186,UCaBdBGi4iXNJwEv4tzWdrGA,CompilationTime,3522
187,UCYzz2SkhAaM0FDKuGk-IPZg,Richard Aguilar,32087
188,UC6DzMLLqzXGRbG7cuVNMf6A,Grizzly Joe,2877
189,UCFr3sz2t3bDp6Cux08B93KQ,Wolters World,452360
190,UCsGg9JQ4X7u2A6gCEmtVRmw,The Liberty Hound,336592
191,UC4dD7XXdwPIrTLStHwfsJOQ,World 5 List,937642
192,UCmgrHsLtlJezNUInd4X5G4g,Top 5,0
193,UCiZZYObHX2T4SvEpBLYou8Q,Justin Lovett,15216
194,UCsv4YOF2RBYh0NQ1vuHQ-hg,Comedy Central UK,1044751
195,UCsD-Qms-AkXDrsU962OicLw,The New Yorker,260767
196,UCXulruMI7BHj3kGyosNa0jA,Indigo Traveller,241100
197,UCupvZG-5ko_eiXAupbDfxWw,CNN,5056849
198,UCvbJKkmSauhJz0FRFd6nuOQ,Cars For You,816112
199,UCt6Fq64J2rTswe4uhZtxNtg,Israel,76412
200,UCHBDXQDmqnaqIEPdEapEFVQ,New China TV,307355
201,UC9RM-iSvTu1uPJb8X5yp3EQ,Wendover Productions,1562811
202,UCWugHZOiURon5xPHgNUj4ew,UbahTV,81219
203,UCl8zB2LZOiLLV0jYUMpTEgA,Scroll.in,124078
204,UCVmz3n15U7S52xShN8NCzsw,ONLY in JAPAN,925040
205,UCKjU3KzdbJE1EFcHVqXC3_g,CBC News: The National,317116
206,UCaXkIU1QidjPwiAYu6GcHjg,MSNBC,1260515
207,UCw-2HIgSoGuGzXweic7RD-g,Today News,0
208,UCZkwDaxCsVaYdaBwPdmXktw,Ruben,1169
209,UCyHCSXDCbK8z-3MS0Si8GhA,trustylimbsðŸ—ºï¸�,19339
210,UCJg9wBPyKMNA5sRDnvzmkdg,FOX 10 Phoenix,289498
211,UCGwXimtDOJR6yYPfvVA7vqg,Jom Ubah,43879
212,UCL6wyJ1DSvHopGmCvywHDtg,Public Freakout Videos,249892
213,UC1u-sdGJiW4oPzCrKjT-8pg,derektran32,1034
214,UCWafKqurzE49MzZ6eHFwXvQ,EconClips,37928
215,UCHnP4h7CkxDtQXV-kEGS9FA,CRTV,169179
216,UCGi_crMdUZnrcsvkCa8pt-g,Alltime10s,5455671
217,UCjXB7nX8bL2U2sje8d212Yw,Roland S. Martin,192929
218,UCheAUBrk8xw6QhJIxEPsvhg,The Life Guide,114689
219,UC3gNmTGu-TTbFPpfSs5kNkg,Movieclips,18833621
220,UCCR19glb_uf1gAV5dtkfv5A,Gabbee,126229
221,UCvixJtaXuNdMPUGdOPcY8Ag,David Pakman Show,524984
222,UCH1oRy1dINbMVp3UFWrKP0w,Good Morning America,667715
223,UC0bCUnP5RrkJZUtd3bBz6Kw,WPTV News | West Palm Beach Florida,79374
224,UCBcYe_Esp64X9NVNw01pqUQ,UK TV,1661
225,UCS5C4dC1Vc3EzgeDO-Wu3Mg,Flicks And The City,590363
226,UCG4EZdwrFtFAPZIsxKZo7Mw,Grid 88,62847
227,UCeaLhnTTe5Q9obFozm1Exvg,LUON SOVATH,50670
228,UCnCUOl0k7asaZyNtl68EasA,The Vigilant One,183488
229,UCV9nPph594uRsteVulLBFlA,A- Political,3201
230,UCy92HZZrNOahrRpd5z4KE_w,Gervais Junkie,4938
231,UCuCk_7b2_4uSr6y5hFmjuMQ,CBR,1484108
232,UC6HyKpYWmX4zsy6_bJZIK7A,WXYZ-TV Detroit | Channel 7,191188
233,UCBINYCmwE29fBXCpUI8DgTA,MostAmazingTop10,4369006
234,UCEbU52pOVZ_JNsfQGT0OcHA,101Facts,363921
235,UC-Q1sqLr9TNCQIgmzJ8p-7A,Onus News,4013
236,UC69uYUqvx-vw4luuX7aHNLQ,True Crime Daily,1422508
237,UCK0z0_5uL7mb9IjntOKi5XQ,The Atlantic,203189
238,UC-pvpDr7uobffPX2Ho_yyhQ,IKnowBro,0
239,UCn8zNIfYAQNdrFRrr8oibKw,VICE,9960809
240,UCGp4u0WHLsK8OAxnvwiTyhA,British PathÃ©,835430
241,UC9k-yiEpRHMNVOnOi_aQK8w,Inside Edition,4766738
242,UClBKH8yZRcM4AsRjDVEdjMg,Television Academy,58685
243,UCT_wS3eRCjIAnoj2ExUs7Tw,Winnie Anne Wright,3302
244,UCfdNM3NAhaBOXCafH7krzrA,The Infographics Show,3263306
245,UC7qZ_e097NBkgOljy1joVRA,The Daily Beast,23452
246,UCM3VeyJKRr78wITQZhb1NRQ,DNpro,588530
247,UCPHl3a0Uw8zyAX0xZm2J-8Q,Tempt,177336
248,UCsqsddDXpCVeNVdQ2-3c_Ew,20/20 - Official Channel,37923
249,UCNye-wNBqNL5ZzHSJj3l8Bg,Al Jazeera English,2597128
250,UCWJ2lWNubArHWmf3FIHbfcQ,NBA,9994747
251,UCNAulK9x-rf-ZcXxzY8zBiQ,PastorDowell,111263
252,UCxsE4ZNHF0QWk5Ac15B3QjA,Daily News24,8762
253,UClW44KG_EKETupl-3BlnLSQ,Top15s,2765058
254,UCvswS7qCpLQh839_5iHe9Ig,News Update 4U,0
255,UC-3jIAlnQmbbVMV6gR7K8aQ,The Majority Report w/ Sam Seder,399246
256,UC6ZFN9Tx6xh-skXCuRHCDpQ,PBS NewsHour,882007
257,UCWXPkK02j6MHW-4xCJzgMuw,Golden State Times,186083
258,UCJ7czAlpYL2ePjJpNxLuwxQ,CivilCoursify,58363
259,UC6dzdg_We9A-gtIx804rTiQ,Joltfeed,2686
260,UCwdo8-3UrfZ9scHPl0m4Ysg,What Would You Do?,2833129
261,UCtASL77th5xpFtfiOPrMZHA,Uplift Post,304017
262,UCIRYBXDze5krPDzAEOxFGVA,Guardian News,213359
263,UCP6HGa63sBC7-KHtkme-p-g,USA TODAY,764201
264,UCRPdcY4_Al8TrRtgkMzkrQQ,Tony's - 24/7 Eyes,61359
265,UCXE3WEND56wicng7BQ4LhiQ,Samantha Jo Goes,9574
266,UC1WihDhMU5xLAdQ7-on3u0w,NEWS & CONSPIRACY,0
267,UCvhPRRiwI1_p4OBsY0yz6mg,BBC News Africa,80677
268,UCi7GJNg51C3jgmYTUwqoUXA,Team Coco,6491885
269,UCAuUUnT6oDeKwE6v1NGQxug,TED,11637050
270,UCqoPHky_x9kG17hYlnwcd9w,Milos Curcin,386
271,UC_NfCqVvxwlNMifbPmxETVw,AmericanShows,2241
272,UCgRvm1yLFoaQKhmaTqXk9SA,NowThis World,1909901
273,UCeix8jbmQnS6FprsJIsjVyQ,Inessa S,99678
274,UCTrQ7HXWRRxr7OsOtodr2_w,Channel 4 News,469722
275,UCCVgt0VK_vJ3QRngC3ojvKQ,PAK MEDIA ON MODI,0
276,UC-2MJlKSq9_pYk5-bdvMhnw,Denver7 â€“ The Denver Channel,96344
277,UCD0fD29bN_sF-aEaunqr3mA,Aryan Logos,1277
278,UC8TvKot1C2xJPCg1_H6OMag,Bytheculture Valentino,113082
279,UC3VDnzwOEwpcOwcjIUeReww,VC3 Productions,18786
280,UCqHr8Y29dVnwiJaNRD4aXrA,WesleyAPEX,36037
281,UCa03bf8gAS2EtffptV-_jfA,Top 10 Archive,1316944
282,UCJ7hqXLdgXlzjKpZY-K_6HA,Chelsea,238481
283,UCFentsbIUPgawzv8V8Jpwvw,ListJumbo,360402
284,UCgFP46yVT-GG4o1TgXn-04Q,China Uncensored,612390
285,UC9DNMLJsVjJTlBmm6DGS_GA,Neon Entertainment,19661
286,UCgrNz-aDmcr2uuto8_DL2jg,CGTN,518347
287,UCBlXSyoT2PCHp-oMvPIEN6w,End Times Productions,291994
288,UClz-d22g9Lj7agZSbaRKuqA,Unreported World,419664
289,UCSlA8MU_lsbevcX0dPyQqiQ,Trenderz,0
290,UCXIJgqnII2ZOINSWNOGFThA,Fox News,1923397
291,UC18vz5hUUqxbGvym9ghtX_w,Full Frontal with Samantha Bee,881747
292,UCa-bX3gZC3YnCThlGM5d38Q,The Fifth Estate,150589
293,UCbKJ4pw2CEBLCfsn8GndAOQ,L!ttle finGer,63378
294,UCQQ_fJGwbG8vz9BMqHOd77g,gavsmith1980,2424
295,UCGqC_A8LiINQmdfL0CvK9sA,Go Avs Go,197
296,UCk7VxViRx58GGgzfeZ6Vt7Q,Craig Dave,30075
297,UCNbIDJNNgaRrXOD7VllIMRQ,One America News Network,213587
298,UCIltRVpE-Od_wnPligM5s8g,Politics UK,29148
299,UCTWm3nwRTFpGsPCM-yPsQnA,We Are The Mighty,121856
300,UC0L1suV8pVgO4pCAIBNGx5w,60 Minutes Australia,267129
301,UC6TEMRns97QlkcP91jA2SFA,Epic Moments,5800
302,UCPRUgAl_MV9PajsrG_BmT9w,BuzzFeed Celeb,1764941
303,UCLXo7UDZvByw2ixzpQCufnA,Vox,4946731
304,UC83jt4dlz1Gjl58fzQrrKZg,Channel NewsAsia,158418
305,UCNIuvl7V8zACPpTmmNIqP2A,OverSimplified,1041761
306,UC_vt34wimdCzdkrzVejwX9g,Geo News,2305471
307,UC5GXfq8rA1UnN_v2dWNc7LQ,Modi - The World Leader,0
308,UCQ-uHE6_ow1KHvE0GpqMtyw,OppenheimerFunds,8930
309,UCnyCrv8b7bu0oWFXGyHaPzg,TRT World Now,11725
310,UCRBbWEQzp94Iumtlzhh779A,MovieAwardsAll,3049
311,UClmFQfVyDvdtCralM-Oo_mw,MLive,92693
312,UC7IcJI8PUf5Z3zKxnZvTBog,The School of Life,3991250
313,UC726J5A0LLFRxQ0SZqr2mYQ,Curious Droid,501752
314,UCLv7Gzc3VTO6ggFlXY0sOyw,Harvard University,754476
315,UC82vnFRN4fXm_IcNBzDhz3g,QUESTION KING,13738
316,UCgNg3vwj3xt7QOrcIDaHdFg,PolyMatter,533981
317,UCvK4bOhULCpmLabd2pDMtnA,Yes Theory,2585767
318,UCE9PF_Yt_9dcZksYFsQJ5hw,Life Moments,20902
319,UCoDfZzwJNFJ2lVgF41tUX0A,Golden Hoops,128359
320,UC16niRr50-MSBwiO3YDb3RA,BBC News,3310274
321,UCo4xjfoQy-GNaul-V-oiCJg,Answers in Insanity,28023
322,UCiWLfSweyRNmLpgEHekhoAg,ESPN,4117562
323,UCgzu47cGiebKsrZvIuzLjuw,AeriumTV - Jason R.,5178
324,UCP34KXYIA5is6idGMHAZvZQ,Rational Philosophy,2403
325,UCnIup-Jnwr6emLxO8McEhSw,Flicks And The City Clips,672003
326,UCdeqEGGKQ538-PLTFmgcr5g,Largest Dams,259151
327,UChi08h4577eFsNXGd3sxYhw,Breakfast Club Power 105.1 FM,2786473
328,UCKr68ZJ4vv6VloNdnS2hjhA,Harald Baldr,0
329,UCaRjFptz7970mppuiGuZtpQ,Know More News,45325
330,UCHTK-2W11Vh1V4uwofOfR4w,AP Archive,812263
331,UCDeNjdARlhMEO-EbfzD6I9Q,Image Channel,79417
332,UCx8LIRh6VuPamPrqYDNF2QQ,RT Documentary,551087
333,UC7Kn4a4Pa-f8jy9Lpy8GRJg,JimZirinTV,458
334,UCI3RT5PGmdi1KVp9FG_CneA,eNCA,226630
335,UCaeO5vkdj5xOQHp4UmIN6dw,The Daily Wire,998109
336,UCk5pvsyZJoYJBd7_oFPTlRQ,Dagbladet,342399
337,UCAgFmcaFR739uOU_IGmqEEA,news hunt,0
338,UCRyIP2oznv4UPAl1jmKS5kA,Top 10s,2991631
339,UCWqPRUsJlZaDp-PVbqEch9g,Smithsonian Channel,1560534
340,UC6tx5tX0svRNwYtJb0j4fEA,Trump Nation,50525
341,UCxxex-RzxkdtLsITNqjVuzw,Secret Truths,81613
342,UCPamdDnwLfwpBn4grlf_Yyw,kim hawm,3409
343,UC0k173Oca1nPZurW2ITHlYw,Wonder World,165679
344,UCsXVk37bltHxD1rDPwtNM8Q,Kurzgesagt â€“ In a Nutshell,7218141
345,UC3faT_bgElexFnqg100gUGw,Stars and Stripes,10452
346,UCt3Ag7rdgR6mtzOMEhd_v6g,MercerReport,107668
347,UCYJ0kf3Zb-sDaPg4YElzrwQ,Michael and Ellecia Hayes,26714
348,UCD8zLf7fhD56qqGlkfnYaIQ,Geminess67,818
349,UCBGTFRlxG_irLDDZA3ZMdSw,SMART BANANA,1018041
350,UCfG9fphmq_JN8mDZivE_iXw,John Christian,1524
351,UCtfXgNnA-QcxjHJjk5wXLFg,Karl Rock,216160
352,UCy6kyFxaMqGtpE3pQTflK8A,Real Time with Bill Maher,1492325
353,UCOaD4JxNYk29LHbHTOx3SQA,Did You Know ?,977619
354,UC1Ydgfp2x8oLYG66KZHXs1g,TheTalko,6506616
355,UCZwZrym87YpirLIFBzTnWQA,101 India,575456
356,UCUVa51UA_690sEKyRbHb-5A,Top 5s Finest,3138430
357,UCY0YIply-je0EhSWLgpftVw,BEME News,295687
358,UCftwRNsjfRo08xYE31tkiyw,WIRED,2813503
359,UC3B1B8gAPwsPwIg8LE-hCDw,Queen Latifah,328207
360,UCmSPDMxfLphFJlZirsHbP0A,Kevas Music,0
361,UCeYP27qLtfUMY1b1Cyy3WdQ,TheThinkingAtheist,270604
362,UCVhibwHk4WKw4leUt6JfRLg,SPORTSNET,208805
363,UC226XNK6cE7zUlG52NFRYdg,New India,30992
364,UCjqxiuMbop4vPLR1JDdPfMA,Explore with Rafsan!,2897
365,UChLtXXpo4Ge1ReTEboVvTDg,Global News,285077
366,UC4Bhr50A6W-zVyLbLxWh_iA,Angry Black Man Media,909
367,UCKNCbBWiMiXBVXUmUuu_dsQ,Defense Updates,284957
368,UC0p5jTq6Xx_DosDFxVXnWaQ,The Economist,589866
369,UC8cP3F7DseB_k-D1Afmstzw,American Eye,763810
370,UCHpw8xwDNhU9gdohEcJu4aA,The Guardian,693257
371,UCdKhKvzBj3gWtJeZwqoxKOg,DLX Area 1,50015
372,UCQ-hpFPF4nOKoKPEAZM_THw,TopTenz,1172736
373,UCCODtTcd5M1JavPCOr_Uydg,Extra Credits,1679838
374,UCT3v6vL2H5HK4loLMc8pmCw,VisualPolitik EN,585415
375,UCOBDYfMV8ckXEUA5F_kixNQ,Jon Snow - The Viral Network,174665
376,UCGYYNGmyhZ_kwBF_lqqXdAQ,Tifo Football,361645
377,UCq18eeL7D9Vd8DhjMcLh9QQ,Good Morning Britain,248810
378,UCq258v-rIDgG3ynOKEXvZ4A,WestStainesMassif,13983
379,UC-OSpcKMXooOzqzwRN3TmZw,The Filmy,91480
380,UCs9cRmK3Trzse_8GbCAHMAA,MetroWorld TV,43531
381,UCZaT_X_mc0BI-djXOlfhqWQ,VICE News,3569830
382,UCb--64Gl51jIEVE-GLDAVTg,C-SPAN,244131
383,UC9Ep0Y4T5rvUuIfjKN1wqTw,Ridddle,2197712
384,UCZgj5G-eiNu2WhrxvkfZbmA,Daily Freeman,2844
385,UCBUVGPsJzc1U8SECMgBaMFw,BuzzFeed Multiplayer,8980573
386,UC6n8I1UDTKP1IWjQMg6_TwA,The B1M,225597
387,UCMtFAi84ehTSYSE9XoHefig,The Late Show with Stephen Colbert,5104366
388,UCdxi8d8qRsRyUi2ERYjYb-w,TheRichest,12021285
389,UCeY0bbntWzzVIaj2z3QigXg,NBC News,895609
390,UC6o-wWU-v2ClFMwougmK7dA,BBC Newsnight,278712
391,UCnAMF3kY72xADaBMbLbplSg,FreeStartr,5418
392,UCilFyTpjZYkQMtOdmcvUnrA,Wisdom Land,191333
393,UCaWd5_7JhbQBe4dknZhsHJg,WatchMojo.com,18997855
394,UC_o2Sgq-q1t2Gm6JxORC2jQ,INDUS NEWS,0
395,UCb2EYjrzI6WpNAmPZeihhag,The Film Archives,157383
396,UCF8NW4lCGKj9dEH9InMx6Cg,cocksandballs123,4748
397,UCa6vGFO9ty8v5KZJXQxdhaw,Jimmy Kimmel Live,13129249
398,UCIsbLox_y9dCIMLd8tdC6qg,Vanity Fair,1025451
399,UCu7G08TrwPx_0WH4M7OxjIQ,12 News,6728
400,UC9lriuoSY_Z4aBpuw1KjiQw,Sylhet News,16781
401,UCU8Z0n7q-ohHl5SHdyPdaUw,TheHorsenation,948
402,UC1g5K3iMd21Tr1XWWWJbbXQ,Peace Prevail on earth,254
403,UCtZIK88xkeTXf49BgVXs0HA,Trump Fan Network,123571
404,UCUUWDzrkuEztzddaW_sgQbA,NJ.com,104428
405,UCbPof8tHfVoQ0x2nU3R1MVg,Nasi TV,3713
406,UCMwJnG1Le4ixS1NRrsIc89w,Around The World,63122
407,UCqFzWxSCi39LnW1JKFR3efg,Saturday Night Live,6802916
408,UCdXfEfd8eqyd4ZpRaxLwy3g,UFOmania - The truth is out there,374140
409,UCV640GB7uWEvjaCmwnK0X7Q,i-Profile,0
410,UCzMV_BNHRP71kMA7ZZ95MaA,Covert Cabal,65413
411,UCNjPtOCvMrKY5eLwr_-7eUg,Alux.com,1660358
412,UCFrO-dKhooOuTtix5dia2_g,ReelTruth. Documentaries,58261
413,UCPYsFGnGVK0rpARj5I27ezw,Truth Witness,51037
414,UClzCn8DxRSCuMFv_WfzkcrQ,CBS,1141969
415,UCLXzq85ijg2LwJWFrz4pkmw,Skip and Shannon: UNDISPUTED,981084
416,UC3cDi6KFJl3K6DupISpIIyQ,Assistants4All,819
417,UCUsN5ZwHx2kILm84-jPDeXw,Comedy Central,7085567
418,UCmYesELO6axBrCuSpf7S9DQ,Mr. Beat,53045
419,UCPZiqlNI3RLyF47QTdq93GQ,Alltime Conspiracies,1722622
420,UC37JfHWuj-mX8zDLV4YViLQ,iWeedastic-We Spread Fantastic,183335
421,UCThv5tYUVaG4ZPA3p6EXZbQ,GoldSilver (w/ Mike Maloney),331093
422,UC4KXXOyzLz6s0zfmDxvNA-A,News Now,0
423,UCQ6Rz-xt3RAOcuFPHuaW28A,Hirwa 10,122992
424,UC1yBKRuGpC1tSM73A0ZjYjQ,The Young Turks,4205821
425,UCdM8C3ufiI-i-I1XSugKVvg,The Real Daytime,1465040
426,UCqa2MPu8bLY1PwVFUpSyVhQ,HiHo Kids,1806735
427,UCtXfMDcCt4iTqsxE4XLBHvg,500Gravity,4351
428,UCb-vZWBeWA5Q2818JmmJiqQ,Oscars,946369
429,UCPTDmZEOrQKHT-6AM7aTTTA,Official W5,0
430,UC6lDy3DeOHEr4XDqaHzRiDQ,Duroob Ø¯Ø±ÙˆØ¨,54828
431,UCw_RjsC04YQuoVCMi_hisnQ,Sergey322,383892
432,UCbLymaS0Mlp0rnubSjuovAA,Bangla Empire,892
433,UCzUV5283-l5c0oKRtyenj6Q,Mark Dice,1352954
434,UCCj956IF62FbT7Gouszaj9w,BBC,5362267
435,UC3XTzVzaHQEd30rQbuvCtTQ,LastWeekTonight,6532002
