Id,Title
UCp0hYYBW6IMayGgR-WeoCvQ,TheEllenShow
UCaWd5_7JhbQBe4dknZhsHJg,WatchMojo.com
UC3gNmTGu-TTbFPpfSs5kNkg,Movieclips
UC0v-tlzsn0QZwJnkiaUSJVQ,FBE
UCpko_-a4wgz2u_DgDgd9fqA,BuzzFeedVideo
UCxSz6JVYmzVhtkraHWZC7HQ,Liza Koshy
UCsT0YIqwnpJCM-mx7-gSA4Q,TEDx Talks
UCsTcErHg8oDvUnTzoqsYeNw,Unbox Therapy
UCdxi8d8qRsRyUi2ERYjYb-w,TheRichest
UCF1JIbMUs6uqoZEY1Haw0GQ,Shemaroo
UCAuUUnT6oDeKwE6v1NGQxug,TED
UCsooa4yRKGN_zEE8iknghZA,TED-Ed
UCJFp8uSYCjXOMnkUyb3CQ3Q,Tasty
UCtinbF-Q-fVthA0qrFQTgXQ,CaseyNeistat
UCn8zNIfYAQNdrFRrr8oibKw,VICE
UCBUVGPsJzc1U8SECMgBaMFw,BuzzFeed Multiplayer
UCeLHszkByNZtPKcaVXOCOQQ,Post Malone
UCX6b17PVsYBQ0ip5gyeme-Q,CrashCourse
UCYUQQgogVeQY8cMQamhHJcg,CinemaSins
UCsXVk37bltHxD1rDPwtNM8Q,Kurzgesagt – In a Nutshell
UCqFzWxSCi39LnW1JKFR3efg,Saturday Night Live
UCpdK1NLHxEUGXc1gq2NxkTw,The Voice
UC1Ydgfp2x8oLYG66KZHXs1g,TheTalko
UCXZpQgX1897wYDLtvzmgyIA,Facts Verse
UCCj956IF62FbT7Gouszaj9w,BBC
UCu4X846OSea5YU6S8fIpy1A,BigDawsTv
UCYenDLnIHsoqQ6smwKXQ7Hg,#Mind Warehouse
UCBi2mrWuNuyYy4gbM6fU18Q,ABC News
UCkQO3QsgTpNTsOw6ujimT5Q,BE AMAZED
UCtg5C-d_3rPUgMaxr285mQQ,Top Trending
UCPD_bxCRGpmmeQcbe2kpPaA,First We Feast
UCiWLfSweyRNmLpgEHekhoAg,ESPN
UCDVYQ4Zhbm3S2dlz7P1GBDg,NFL
UC0vRcJh1-GQL_V4qm5F6xFw,All Def
UCRXiA3h1no_PFkb1JCP0yMA,Vogue
UCzWQYUVCpZqtN93H8RR44Qw,Seeker
UCxAICW_LdkfFYwTqTHHE0vg,MTV
UCfdNM3NAhaBOXCafH7krzrA,The Infographics Show
UC2GnuulpFRtTGFNuS1LKL5g,BuzzFeedViolet
UCYLR1ghzYNyvfjw78raCuxA,Dr. Phil
UCajXeitgFL-rb5-gXI-aG8Q,Great Big Story
UCaDVcGDMkvcRb4qGARkWlyg,SoulPancake
UCftwRNsjfRo08xYE31tkiyw,WIRED
UCrkzfc2yf-7q6pd7EtzgNaQ,Wild 'N Out
UCLRmIdRJgLfmdpJufmBhBuA,LOL Network
UCX51Dixddr5HuwLVBH9ykeQ,Top5s
UCINb0wqPz-A0dV9nARjJlOQ,The Dodo
UCZFMm1mMw0F81Z37aaEzTUA,NDTV
UCsEukrAd64fqA7FjwkmZ_Dw,GQ
UC0L1suV8pVgO4pCAIBNGx5w,60 Minutes Australia
UCAvBcst08Tfo4VNtIaRPTNw,Russia Insight
UCQfwfsi5VrQ8yKZ-UWmAEFg,FRANCE 24 English
UC6o-wWU-v2ClFMwougmK7dA,BBC Newsnight
UCVgO39Bk5sMo66-6o6Spn6Q,ABC News (Australia)
UC1DGpYiEiqBrQtYXFbLhMVQ,Nicki Swift
UCx8LIRh6VuPamPrqYDNF2QQ,RT Documentary
UCIALMKvObZNtJ6AmdCLP7Lg,Bloomberg Markets and Finance
UCi7GJNg51C3jgmYTUwqoUXA,Team Coco
UCW39zufHfsuGgpLviKh297Q,DW Documentary
UC3rLoj87ctEHCcS7BuvIzkQ,MsMojo
UCvhPRRiwI1_p4OBsY0yz6mg,BBC News Africa
UCwmZiChSryoWQCZMIQezgTg,BBC Earth
UCcgKRB26m6M3okTSP7C_UwA,BBC Stories
UCcyq283he07B7_KUX07mmtA,Business Insider
UCrM7B7SL_g1edFOnmj-SDKg,Bloomberg Technology
UC8-Th83bH_thdKZDJCrn88g,The Tonight Show Starring Jimmy Fallon
UCdM8C3ufiI-i-I1XSugKVvg,The Real Daytime
UCtxJFU9DgUhfr2J2bveCHkQ,Verge Science
UCT3v6vL2H5HK4loLMc8pmCw,VisualPolitik EN
UC4rlAVgAK0SGk-yTfe48Qpw,BRIGHT SIDE
UClz-d22g9Lj7agZSbaRKuqA,Unreported World
UCTrQ7HXWRRxr7OsOtodr2_w,Channel 4 News
UCq18eeL7D9Vd8DhjMcLh9QQ,Good Morning Britain
UCoUxsWakJucWg46KW5RsvPw,Financial Times
UC7fWeaHhqgM4Ry-RMpM2YYw,TRT World
UCHpw8xwDNhU9gdohEcJu4aA,The Guardian
UCSrZ3UV4jOidv8ppoVuvW9Q,euronews (in English)
UCpwvZwUam-URkxB7g4USKpg,RT,
UCvK4bOhULCpmLabd2pDMtnA,Yes Theory
UCHTK-2W11Vh1V4uwofOfR4w,AP Archive
UC69uYUqvx-vw4luuX7aHNLQ,True Crime Daily
UCpVm7bg6pXKo1Pr6k5kxG9A,National Geographic
UCKBnlTTgEnhIXv_c4LvvyMQ,OWN
UCgNg3vwj3xt7QOrcIDaHdFg,PolyMatter
UCTTQAOiR_0DuyQPZ6Dg-LHA,Talltanic
UCDraeOigzyHfJCa7LJxf10w,watchJojo
UCqYPhGiB9tkShZorfgcL2lA,What I've Learned
UCe-4xQosMQGkIA8mT4sR98Q,CNN Business
UC9RM-iSvTu1uPJb8X5yp3EQ,Wendover Productions
UChFsYLqPUyLiZnfRog6wiZA,This Morning
UCRzPUBhXUZHclB7B5bURFXw,Eater
UCKOvOaJv4GK-oDqx-sj7VVg,Chubbyemu
UCcjoLhqu3nyOFmdqF17LeBQ,BBC Three
UCknLrEdhRCp1aegoMqRaCZg,DW English
UC5w5rFxcZ4UL_IJSOFWo9OQ,Paternity Court
UCddiUEpeqJcYeBxX1IVBKvQ,The Verge
UCEs-zSwH2NYGskxF-ptoT1w,Steve TV Show
UCJm2TgUqtK1_NLBrjNQ1P-w,Second Thought
UCWJ2lWNubArHWmf3FIHbfcQ,NBA
UCGi_crMdUZnrcsvkCa8pt-g,Alltime10s
UChBQgieUidXV1CmDxSdRm3g,Kenya CitizenTV
UCo7a6riBFJ3tkeHjvkXPn1g,CNBC International
UCJ7dtuZhjFSJvb_CZjWJkng,The List
UCNjPtOCvMrKY5eLwr_-7eUg,Alux.com
UCY_Bq1AF0xvPUjaAqV7kweA,SBS Dateline
UCsZYUb8C_19bWOCKF9jRwSg,The Globe and Mail
UC_0r3EheCnp-wVvndYDGviQ,ReelTruth. Crime - True Crime
UCb062gdTsC6FPvnzCPVvsTw,Agatan Foundation
UCF8HUTbUwPKh2Q-KpGOCVGw,CNBC Life
UCgFP46yVT-GG4o1TgXn-04Q,China Uncensored
UCVLZmDKeT-mV4H3ToYXIFYg,Tech Insider
UCCvgLV2Ixb8KCemj-UtXZ-g,The Royal Family Channel
UCGTUbwceCMibvpbd2NaIP7A,The Weather Channel
UC_ab7FFA2ACk2yTHgNan8lQ,RT UK
UCKVsdeoHExltrWMuK0hOWmg,KTN News Kenya
UCt3SE-Mvs3WwP7UW-PiFdqQ,K24TV
UCM2YmsRUeIbRkqjgNm0eTGQ,Journeyman Pictures
UCo7a6riBFJ3tkeHjvkXPn1g,CNBC International
UCmBMGitwFg3dDFNtOSQT1JQ,Pastor Alph Lukau
UCiKGMZZmZXK-RpbKJGXgH3Q,Access
UCgrNz-aDmcr2uuto8_DL2jg,CGTN
UCIsbLox_y9dCIMLd8tdC6qg,Vanity Fair
UCw3fku0sH3qA3c3pZeJwdAw,Daily Mail
UCv7YFWATebnJ1ty4cwMKgsQ,The Wendy Williams Show
UCPgLNge0xqQHWM5B5EFH9Cg,The Telegraph
UCY3NEq2LYrmdoGkevo9BH5A,NFL Films
UCqa2MPu8bLY1PwVFUpSyVhQ,HiHo Kids
UCP1iRaFlS5EYjJBryFV9JPw,Looper
UCN64HIrZNqFQYZ2BuyY-4zg,Chills
UCfQDD-pbllOCXHYwiXxjJxA,Broadly
UCIXOLFcVJI-KhICZNfRw19g,Empressive
UC_E4px0RST-qFwXLJWBav8Q,Business Casual
UC_kj5J9ET4JC97c8AwIZGTw,Amplex
UCQ-hpFPF4nOKoKPEAZM_THw,TopTenz
UC1pUFgoqKqy_sfzF0_rtQzQ,Factnomenal
UCYNlsJPY-IrNhZqCOeApbEw,THNKR
UCJjSDX-jUChzOEyok9XYRJQ,Jubilee
UCe_Fx4EZAgKjDz0aQ_Y7hSA,Got Talent ,
UC2iUwfYi_1FCGGqhOUNx-iA,Screen Rant
UC5RwNJQSINkzIazWaM-lM3Q,HOT 97
UCY7dD6waquGnKTZSumPMTlQ,OxfordUnion
UCsIlJ9eYylZQcyfMOPNUz9w,Bright Insight
UCz1hQ68G3XPVYEBoFDgSjcQ,Channel 4
UC8yH-uI81UUtEMDsowQyx1g,SABC Digital News
UC4PziMH5MvvsmqM0VCZTy-g,The Graham Norton Show
UCbAlVnKhbGLK78GsSemQXxw,Top Fives
UCThv5tYUVaG4ZPA3p6EXZbQ,GoldSilver (w/ Mike Maloney)
UCdtXPiqI2cLorKaPrfpKc4g,Entertainment Tonight
UCu4XcDBdnZkV6-5z2f16M0g,Real Stories
UC2vlpX8sNDBmPcY_1_QSGJg,tlc uk
UCswGjgU_EGfcOblkXnjWgfg,Skifbull Channel
UC-FQUIVQ-bZiefzBiQAa8Fw,BBC Radio 1
UCoLrcjPV5PbUrUyXq5mjc_A,MLB
UCB6PV0cvJpzlcXRG7nz6PpQ,Motherboard
UCWlIGsKGsvgFJHkiZml4O1A,Grunge
UCuS96jkLKpTaGB_OWnwZV_A,SWAY'S UNIVERSE
UCISgnSNwqQ2i8lhCun3KtQg,Rajya Sabha TV
UC5aeU5hk31cLzq_sAExLVWg,Ruptly
UCP5tjEmvPItGyLhmjdwP7Ww,RealLifeLore
UC8C8WuWSsFjWFaTHcUQeQxA,VICE Sports
UCHbq_l1qnuomfJCYQTsWf_Q,Motivation Madness
UCN7B-QD0Qgn2boVH5Q0pOWg,BBC News Hindi
UCttspZesZIDEwwpVIgoZtWQ,IndiaTV
UCRijo3ddMTht_IHyNSNXpNQ,Dude Perfect
UC7YJqQIW_NACsE8wGZslsLw,E4
UCmmPgObSUPw1HL2lq6H4ffA,Geography Now
UCQMyhrt92_8XM0KgZH6VnRg,Company Man
UCqBJ47FjJcl61fmSbcadAVg,NTV Kenya
UC5rBpVgv83gYPZ593XwQUsA,THE DRIVE
UCfiwzLy-8yKzIbsmZTzxDgw,Al Jazeera Arabic قناة الجزيرة
UCFQgi22Ht00CpaOQLtvZx2A,ITV News
UCu0Uc1oNDF36jRY_sskl8bA,BBC Click
UCgM3RQlf33iqqOLLlvr_6bw,JustKorvac
UCca-PciLu55c5a1PqlffBqA,Taco Stacks
UCUUWDzrkuEztzddaW_sgQbA,NJ.com
UCYf1WxgqGO9Vlasr8DmrGug,WalrusRider
UChD-zWutIego-bcHKOatFWA,Alternative Media TV
UCJ0uqCI0Vqr2Rrt1HseGirg,The Late Late Show with James Corden
UCqFzWxSCi39LnW1JKFR3efg,Saturday Night Live
UC16niRr50-MSBwiO3YDb3RA,BBC News
UCCXoCcu9Rp7NPbTzIvogpZg,Fox Business
UCuFFtHWoLl5fauMMD5Ww2jA,CBC News
UCKjU3KzdbJE1EFcHVqXC3_g,CBC News: The National
UCsv4YOF2RBYh0NQ1vuHQ-hg,Comedy Central UK
UChDKyKQ59fYz3JO2fl0Z6sg,TODAY
UCoMdktPbSTixAyNGwb-UYkQ,Sky News
UChi08h4577eFsNXGd3sxYhw,Breakfast Club Power 105.1 FM
UCIHdDJ0tjn_3j-FS7s_X1kQ,Valuetainment
UCIRYBXDze5krPDzAEOxFGVA,Guardian News
UC-lHJZR3Gqxm24_Vd_AJ5Yw,PewDiePie
UCpi8TJfiA4lKGkaXs__YdBA,The Try Guys
UCU_W0oE_ock8bWKjALiGs8Q,Charisma on Command
UC9QqBypELbqUVlsg4zMrN0Q,AJ3
UCtbuBqecjAUJcm27GOJN4Tg,Michael Dapaah
UCZZHPXsg6LopvdOKF7qM6cQ,H3 Podcast Highlights
UCR1D15p_vdP3HkrH8wgjQRw,Internet Historian
UC-j3S3cIXZSzzCkJhJW9_eg,Comment Awards
UCH1oRy1dINbMVp3UFWrKP0w,Good Morning America
UCJ6z_yj_dDNrhn-c8ZyKV4g,TheGamerFromMars
UCCZVmatSqIMTTB8uExk8xEg,London Real
UC3L9XPe0_FGfRG-CMGtBvFg,JxmyHighroller
UC_z1H488Ijor3teosC1cdEw,MarcelasHoward
UCbKW7smxCcAvvatHJFLlIhw,News Be Funny
UCMm0YNfHOCA-bvHmOBSx-ZA,WatchMojoUK
UC2U_ApECr-ifnTu9GIHcAEg,Elon Musk Viral Videos
UChLtXXpo4Ge1ReTEboVvTDg,Global News
UCIRYBXDze5krPDzAEOxFGVA,Guardian News
UCOrpD6svgE3L3CCnWk52JSg,Shoe & Skeptic
UC_qQ2_AVAh8pzj7yklimASQ,Kalvin Garrah
UCG98giOsUxIlXV0rNUhxLew,Ryan Serhant
UCi7Zk9baY1tvdlgxIML8MXg,CTV News
UCj7wKsOBhRD9Jy4yahkMRMw,CGTN America
UCdANLtOJEt-cb-OwbjftztA,Lieutenants Loft
UCHkapYFq5ev4PDAxZQ_PF9Q,Skavlan
UCvPBwFtlth679NMXM2jsxlg,NeoScribe
UC7qCAvNXX0Pi05tufrDN0XQ,Adam Carolla
UCTZzJjoML2sFpq4T7CpOz8Q,LIVE ON-AIR NEWS
UCYwVxWpjeKFWwu8TML-Te9A,Jim Can't Swim
UCPOe1Gujiyt-LeznMyE6tEg,Chodmunch
UCRi8JQTnKQilJW15uzo7bRQ,GatesFoundation
UCo4xjfoQy-GNaul-V-oiCJg,Answers in Insanity

